2026-10-01T10:00:01;MATRICULA;1;2;Ana Souza;2026/2;AEDS2
2026-10-01T10:01:01;MATRICULA;2;2;Ana Souza;2026/2;PROJSW
2026-10-01T10:02:01;MATRICULA;3;2;Ana Souza;2026/2;REDES
2026-10-01T10:03:01;MATRICULA;4;2;Ana Souza;2026/2;ARQSW
2026-10-01T10:04:01;MATRICULA;5;2;Ana Souza;2026/2;BD1
2026-10-01T10:05:01;MATRICULA;6;2;Ana Souza;2026/2;IHC

2026-10-01T11:00:01;MATRICULA;7;3;Bruno Lima;2026/2;AEDS2
2026-10-01T11:01:01;MATRICULA;8;3;Bruno Lima;2026/2;PROJSW
2026-10-01T11:02:01;MATRICULA;9;3;Bruno Lima;2026/2;REDES
2026-10-01T11:03:01;MATRICULA;10;3;Bruno Lima;2026/2;BD1

2026-10-01T12:00:01;MATRICULA;11;4;Carla Mendes;2026/2;AEDS2
2026-10-01T12:01:01;MATRICULA;12;4;Carla Mendes;2026/2;PROJSW
2026-10-01T12:02:01;MATRICULA;13;4;Carla Mendes;2026/2;REDES
2026-10-01T12:03:01;MATRICULA;14;4;Carla Mendes;2026/2;BD1

2026-10-01T13:00:01;MATRICULA;15;5;Diego Alves;2026/2;AEDS2
2026-10-01T13:01:01;MATRICULA;16;5;Diego Alves;2026/2;ARQSW
2026-10-01T13:02:01;MATRICULA;17;5;Diego Alves;2026/2;IHC

2026-10-01T14:00:01;MATRICULA;18;6;Elisa Rocha;2026/2;PROJSW
2026-10-01T14:01:01;MATRICULA;19;6;Elisa Rocha;2026/2;REDES

2026-10-01T15:00:01;MATRICULA;20;7;Felipe Martins;2026/2;REDES
2026-10-01T15:01:01;MATRICULA;21;7;Felipe Martins;2026/2;BD1

2026-10-01T16:00:01;MATRICULA;22;8;Gabriela Nunes;2026/2;TESTE
2026-10-01T17:00:01;MATRICULA;23;9;Helena Castro;2026/2;IA

2026-10-02T16:30:00;CANCELAMENTO;21;7;Felipe Martins;2026/2;BD1